Metric,Value
Accuracy,0.9813664596273292
Macro Precision,0.9904761904761905
Macro Recall,0.978042328042328
Macro F1,0.9837932798908409
