,precision,recall,f1-score,support
BRCA,0.9516129032258065,0.9833333333333333,0.9672131147540983,60.0
COAD,1.0,0.875,0.9333333333333333,16.0
KIRC,0.967741935483871,1.0,0.9836065573770492,30.0
LUAD,0.9259259259259259,0.8928571428571429,0.9090909090909091,28.0
PRAD,0.9629629629629629,0.9629629629629629,0.9629629629629629,27.0
accuracy,0.9565217391304348,0.9565217391304348,0.9565217391304348,0.9565217391304348
macro avg,0.9616487455197132,0.9428306878306879,0.9512413755036706,161.0
weighted avg,0.9568630943104997,0.9565217391304348,0.9560798906486719,161.0
