Metric,Value
Accuracy,0.9565217391304348
Macro Precision,0.9616487455197132
Macro Recall,0.9428306878306879
Macro F1,0.9512413755036706
