Metric,Value
Accuracy,0.9751552795031055
Macro Precision,0.9796495195025438
Macro Recall,0.9757142857142858
Macro F1,0.9771012272553105
