Metric,Value
Accuracy,0.9875776397515528
Macro Precision,0.9935483870967742
Macro Recall,0.9857142857142858
Macro F1,0.9893139040680025
