Metric,Value
Accuracy,0.9813664596273292
Macro Precision,0.9904761904761905
Macro Recall,0.9732142857142858
Macro F1,0.981262930908879
